Ref,Where,If I…,Type,Status,Line,Our flag,Accept (1-5),Rewrite,Reviewer notes
G-P1,general,(any sentence the person typed),prediction,shipped,they’ll think less of me,"OURS: this exact prediction is ALSO at S03-P2 — already-shipped duplication, found while checking our own. Two sources, one prediction.",,,
G-P2,general,(any sentence the person typed),prediction,shipped,they’ll go quiet with me,"OURS: this exact prediction is ALSO at S10-P2 — already-shipped duplication, found while checking our own. Two sources, one prediction.",,,
G-P3,general,(any sentence the person typed),prediction,shipped,it’ll be held against me later,,,,
G-P4,general,(any sentence the person typed),prediction,PROPOSED,I won’t settle until it’s dealt with,,,,
G-P5,general,(any sentence the person typed),prediction,PROPOSED,I’ll end up doing it twice,OURS: replaces a line that turned out to be already shipped under start #13.,,,
G-P6,general,(any sentence the person typed),prediction,PROPOSED,I’ll regret it by the end of the day,,,,
G-D1,general,(any sentence the person typed),do,shipped,"Do it once today, in the smallest version that still counts.",,,,
G-D2,general,(any sentence the person typed),do,CUT — no longer in the app,Pick the version of it you could do in the next hour.,OURS: this was one of the two loose “do” suggestions B42 replaced with the three sizes above. Left in the sheet because it is a good line and could come back; it is not live today.,,,
G-D3,general,(any sentence the person typed),do,PROPOSED,Write down what you expect to happen before you do it.,"OURS: the most useful line here, but the app already asks for a prediction on an earlier screen — may read as being told twice.",,,
G-D4,general,(any sentence the person typed),do,PROPOSED,"Do it once, at a time you’ve already decided on.",,,,
G-D5,general,(any sentence the person typed),do,PROPOSED,Do it before you feel ready to.,,,,
G-D6,general,(any sentence the person typed),do,PROPOSED,Pick a version you can’t quietly undo afterwards.,"OURS: the sharpest line, and the one most likely to push somebody further than they meant to go.",,,
G-X1,general,(any sentence the person typed),drop,shipped,Don’t explain yourself.,,,,
G-X2,general,(any sentence the person typed),drop,shipped,Don’t line up a way out first.,,,,
G-X3,general,(any sentence the person typed),drop,PROPOSED,Don’t rehearse it beforehand.,,,,
G-X4,general,(any sentence the person typed),drop,PROPOSED,Don’t check afterwards how it landed.,OURS: WE RECOMMEND CUTTING. Unbounded in the general set it reaches everybody whatever they typed. See §1c and §5.,,,
G-X5,general,(any sentence the person typed),drop,PROPOSED,Don’t warn anybody that it’s coming.,OURS: WE RECOMMEND CUTTING. Unbounded in the general set it reaches everybody whatever they typed. See §1c and §5.,,,
G-X6,general,(any sentence the person typed),drop,PROPOSED,Don’t do it at half strength.,,,,
S01-P1,start #01,say no without giving a reason,prediction,shipped,they’ll think I’m being difficult,,,,
S01-P2,start #01,say no without giving a reason,prediction,shipped,they’ll stop asking me,,,,
S01-P3,start #01,say no without giving a reason,prediction,shipped,they’ll be off with me for days,,,,
S01-D1,start #01,say no without giving a reason,do,shipped,"Say no to one thing today, in one sentence.",,,,
S01-D2,start #01,say no without giving a reason,do,shipped,Turn down one request without explaining why.,,,,
S01-X1,start #01,say no without giving a reason,drop,shipped,Don’t give a reason.,,,,
S01-X2,start #01,say no without giving a reason,drop,shipped,Don’t offer to make up for it another way.,,,,
S01-D3,start #01,say no without giving a reason,do,PROPOSED,"Say no to the next thing you’d normally take on, and stop talking.",,,,
S01-D4,start #01,say no without giving a reason,do,PROPOSED,Decline one invitation today without offering an alternative date.,,,,
S01-X3,start #01,say no without giving a reason,drop,PROPOSED,Don’t soften it with “I wish I could”.,,,,
S01-X4,start #01,say no without giving a reason,drop,PROPOSED,Don’t check afterwards whether they minded.,,,,
S02-P1,start #02,ask for what I actually want,prediction,shipped,they’ll say no and I’ll feel stupid,,,,
S02-P2,start #02,ask for what I actually want,prediction,shipped,they’ll think I’m taking advantage,,,,
S02-P3,start #02,ask for what I actually want,prediction,shipped,it’ll change how they see me,,,,
S02-D1,start #02,ask for what I actually want,do,shipped,"Ask for one thing today, straight out.",,,,
S02-D2,start #02,ask for what I actually want,do,shipped,"Ask once, and don’t soften it.",,,,
S02-X1,start #02,ask for what I actually want,drop,shipped,Don’t say “only if it’s no trouble”.,,,,
S02-X2,start #02,ask for what I actually want,drop,shipped,Don’t ask for less than you want.,,,,
S02-D3,start #02,ask for what I actually want,do,PROPOSED,"Name the thing you want in the first sentence, before the reasons.",,,,
S02-D4,start #02,ask for what I actually want,do,PROPOSED,"Ask for the whole of it, not the version you think you’ll get.",,,,
S02-X3,start #02,ask for what I actually want,drop,PROPOSED,Don’t give them an easy way to say no.,,,,
S02-X4,start #02,ask for what I actually want,drop,PROPOSED,Don’t rehearse it more than once.,,,,
S03-P1,start #03,tell someone I’m struggling,prediction,shipped,they’ll change the subject,,,,
S03-P2,start #03,tell someone I’m struggling,prediction,shipped,they’ll think less of me,"OURS: this exact prediction is ALSO at G-P1 — already-shipped duplication, found while checking our own. Two sources, one prediction.",,,
S03-P3,start #03,tell someone I’m struggling,prediction,shipped,they’ll start treating me carefully,,,,
S03-D1,start #03,tell someone I’m struggling,do,shipped,Tell one person one true sentence about how this week has been.,,,,
S03-D2,start #03,tell someone I’m struggling,do,shipped,"Answer “how are you?” honestly, once, today.",,,,
S03-X1,start #03,tell someone I’m struggling,drop,shipped,Don’t follow it with “but I’m fine”.,,,,
S03-X2,start #03,tell someone I’m struggling,drop,shipped,Don’t make a joke of it.,,,,
S03-D3,start #03,tell someone I’m struggling,do,PROPOSED,Say one thing out loud that you’d normally only think.,,,,
S03-D4,start #03,tell someone I’m struggling,do,PROPOSED,Tell one person the part you’d usually leave out.,,,,
S03-X3,start #03,tell someone I’m struggling,drop,PROPOSED,Don’t ask if it was too much afterwards.,,,,
S03-X4,start #03,tell someone I’m struggling,drop,PROPOSED,Don’t change the subject to them.,,,,
S04-P1,start #04,hand something over before it’s perfect,prediction,shipped,they’ll spot everything wrong with it,,,,
S04-P2,start #04,hand something over before it’s perfect,prediction,shipped,they’ll think I’ve stopped caring,,,,
S04-P3,start #04,hand something over before it’s perfect,prediction,shipped,it’ll come straight back to me with a list,,,,
S04-D1,start #04,hand something over before it’s perfect,do,shipped,Finish one thing at good enough today and hand it over.,,,,
S04-D2,start #04,hand something over before it’s perfect,do,shipped,"Stop at the time you planned, and send what you have.",,,,
S04-X1,start #04,hand something over before it’s perfect,drop,shipped,No last read-through.,,,,
S04-X2,start #04,hand something over before it’s perfect,drop,shipped,Don’t say what you’d have done with more time.,,,,
S04-D3,start #04,hand something over before it’s perfect,do,PROPOSED,Hand it over at the point you’d normally start polishing.,,,,
S04-D4,start #04,hand something over before it’s perfect,do,PROPOSED,Give it to one person today without a covering note.,,,,
S04-X3,start #04,hand something over before it’s perfect,drop,PROPOSED,Don’t apologise for the state of it.,,,,
S04-X4,start #04,hand something over before it’s perfect,drop,PROPOSED,Don’t list what you already know is wrong with it.,,,,
S05-P1,start #05,send it without reading it again,prediction,shipped,there’ll be a mistake in it,,,,
S05-P2,start #05,send it without reading it again,prediction,shipped,it’ll come out blunter than I meant,,,,
S05-P3,start #05,send it without reading it again,prediction,shipped,I’ll be going back to it all afternoon,,,,
S05-D1,start #05,send it without reading it again,do,shipped,"Write one message today, read it once, and send it.",,,,
S05-D2,start #05,send it without reading it again,do,shipped,Send the next email the moment it’s written.,,,,
S05-X1,start #05,send it without reading it again,drop,shipped,No second read-through.,,,,
S05-X2,start #05,send it without reading it again,drop,shipped,Don’t go back and edit it after it’s gone.,,,,
S05-D3,start #05,send it without reading it again,do,PROPOSED,Send one message today straight after the last full stop.,,,,
S05-D4,start #05,send it without reading it again,do,PROPOSED,Reply to one thing in one draft.,,,,
S05-X3,start #05,send it without reading it again,drop,PROPOSED,Don’t read it back in the sent folder.,,,,
S05-X4,start #05,send it without reading it again,drop,PROPOSED,Don’t ask anybody to look at it first.,,,,
S06-P1,start #06,don’t answer a message straight away,prediction,shipped,they’ll think I don’t care,"OURS: this exact prediction is ALSO at S21-P1 — already-shipped duplication, found while checking our own. Two sources, one prediction.",,,
S06-P2,start #06,don’t answer a message straight away,prediction,shipped,they’ll assume I’m annoyed with them,,,,
S06-P3,start #06,don’t answer a message straight away,prediction,shipped,they’ll stop bothering to message me,,,,
S06-D1,start #06,don’t answer a message straight away,do,shipped,Leave one message a few hours before you answer it.,,,,
S06-D2,start #06,don’t answer a message straight away,do,shipped,Pick one message today and answer it this evening.,,,,
S06-X1,start #06,don’t answer a message straight away,drop,shipped,"Don’t open with “sorry, only just seen this”.",,,,
S06-X2,start #06,don’t answer a message straight away,drop,shipped,Don’t explain the delay.,,,,
S06-D3,start #06,don’t answer a message straight away,do,PROPOSED,Answer one message tomorrow instead of tonight.,,,,
S06-D4,start #06,don’t answer a message straight away,do,PROPOSED,Let one message wait while you finish what you were doing.,,,,
S06-X3,start #06,don’t answer a message straight away,drop,PROPOSED,Don’t send a holding message to buy time.,,,,
S06-X4,start #06,don’t answer a message straight away,drop,PROPOSED,Don’t make the reply longer to make up for it.,,,,
S07-P1,start #07,sit still with the restlessness,prediction,shipped,it’ll build until I have to do something about it,,,,
S07-P2,start #07,sit still with the restlessness,prediction,shipped,I’ll be no use for the rest of the day,,,,
S07-P3,start #07,sit still with the restlessness,prediction,shipped,it won’t pass on its own,,,,
S07-D1,start #07,sit still with the restlessness,do,shipped,Set ten minutes and sit with it. Write down the time it eased.,,,,
S07-D2,start #07,sit still with the restlessness,do,shipped,"Stay where you are for one urge, and time it.",,,,
S07-X1,start #07,sit still with the restlessness,drop,shipped,Don’t pick anything up.,,,,
S07-X2,start #07,sit still with the restlessness,drop,shipped,Don’t get up to do a job.,,,,
S07-D3,start #07,sit still with the restlessness,do,PROPOSED,"When it comes, stay in the chair and write down the time.",OURS: the start closest to an interoceptive exposure. Nothing here names a body sensation or asks anybody to bring one on — say if that line is thinner than we think.,,,
S07-D4,start #07,sit still with the restlessness,do,PROPOSED,Wait it out once today without changing anything.,OURS: the start closest to an interoceptive exposure. Nothing here names a body sensation or asks anybody to bring one on — say if that line is thinner than we think.,,,
S07-X3,start #07,sit still with the restlessness,drop,PROPOSED,Don’t reach for something to look at.,OURS: the start closest to an interoceptive exposure. Nothing here names a body sensation or asks anybody to bring one on — say if that line is thinner than we think.,,,
S07-X4,start #07,sit still with the restlessness,drop,PROPOSED,Don’t give yourself a job to make it bearable.,OURS: the start closest to an interoceptive exposure. Nothing here names a body sensation or asks anybody to bring one on — say if that line is thinner than we think.,,,
S08-P1,start #08,rest while there’s still stuff to do,prediction,shipped,I’ll feel guilty the whole time,,,,
S08-P2,start #08,rest while there’s still stuff to do,prediction,shipped,I won’t start again today,,,,
S08-P3,start #08,rest while there’s still stuff to do,prediction,shipped,somebody will think I’ve gone slack,,,,
S08-D1,start #08,rest while there’s still stuff to do,do,shipped,"Take two hours off today, and take them properly.",,,,
S08-D2,start #08,rest while there’s still stuff to do,do,shipped,Sit down for half an hour with nothing to show for it.,,,,
S08-X1,start #08,rest while there’s still stuff to do,drop,shipped,No “I’ll just quickly do this one thing” first.,,,,
S08-X2,start #08,rest while there’s still stuff to do,drop,shipped,Don’t keep the list where you can see it.,,,,
S08-D3,start #08,rest while there’s still stuff to do,do,PROPOSED,"Stop at six today, with the list unfinished.",,,,
S08-D4,start #08,rest while there’s still stuff to do,do,PROPOSED,Take the break before the work is at a tidy point.,,,,
S08-X3,start #08,rest while there’s still stuff to do,drop,PROPOSED,Don’t earn it first.,,,,
S08-X4,start #08,rest while there’s still stuff to do,drop,PROPOSED,Don’t tell anyone what you got done before you stopped.,,,,
S09-P1,start #09,go an evening without my phone,prediction,shipped,something will go wrong and nobody will reach me,,,,
S09-P2,start #09,go an evening without my phone,prediction,shipped,I’ll miss something I needed to see,,,,
S09-P3,start #09,go an evening without my phone,prediction,shipped,I won’t know what to do with myself,,,,
S09-D1,start #09,go an evening without my phone,do,shipped,"Put it in a drawer from eight. In the morning, write down what you actually missed.",,,,
S09-D2,start #09,go an evening without my phone,do,shipped,Leave it in another room for one evening.,,,,
S09-X1,start #09,go an evening without my phone,drop,shipped,No checking it “just once” before bed.,,,,
S09-X2,start #09,go an evening without my phone,drop,shipped,Don’t tell anyone in advance where you’ll be.,,,,
S09-D3,start #09,go an evening without my phone,do,PROPOSED,Go out for the evening and leave it at home once.,"OURS: “Don’t set up a way to be reached just in case” is the real safety behaviour, and also the one that could matter for a carer or somebody on call.",,,
S09-D4,start #09,go an evening without my phone,do,PROPOSED,Hand it to somebody else until the morning.,"OURS: “Don’t set up a way to be reached just in case” is the real safety behaviour, and also the one that could matter for a carer or somebody on call.",,,
S09-X3,start #09,go an evening without my phone,drop,PROPOSED,Don’t leave it face down on the table instead.,"OURS: “Don’t set up a way to be reached just in case” is the real safety behaviour, and also the one that could matter for a carer or somebody on call.",,,
S09-X4,start #09,go an evening without my phone,drop,PROPOSED,Don’t set up a way to be reached “just in case”.,"OURS: “Don’t set up a way to be reached just in case” is the real safety behaviour, and also the one that could matter for a carer or somebody on call.",,,
S10-P1,start #10,say what I actually think,prediction,shipped,it’ll turn into a row,,,,
S10-P2,start #10,say what I actually think,prediction,shipped,they’ll go quiet with me,"OURS: this exact prediction is ALSO at G-P2 — already-shipped duplication, found while checking our own. Two sources, one prediction.",,,
S10-P3,start #10,say what I actually think,prediction,shipped,they’ll decide I’m hard work,,,,
S10-D1,start #10,say what I actually think,do,shipped,"Say the thing you’d normally leave, once, in one sentence.",,,,
S10-D2,start #10,say what I actually think,do,shipped,Disagree out loud with one person today.,,,,
S10-X1,start #10,say what I actually think,drop,shipped,Don’t soften it with a joke.,,,,
S10-X2,start #10,say what I actually think,drop,shipped,Don’t apologise for saying it.,,,,
S10-D3,start #10,say what I actually think,do,PROPOSED,Give your actual opinion the first time you’re asked today.,,,,
S10-D4,start #10,say what I actually think,do,PROPOSED,"Say the unpopular half of what you think, once.",,,,
S10-X3,start #10,say what I actually think,drop,PROPOSED,Don’t start with “this is probably just me”.,,,,
S10-X4,start #10,say what I actually think,drop,PROPOSED,Don’t take it back if the room goes quiet.,,,,
S11-P1,start #11,don’t get the last word,prediction,shipped,they’ll think they’ve won,,,,
S11-P2,start #11,don’t get the last word,prediction,shipped,it’ll get brought up again,,,,
S11-P3,start #11,don’t get the last word,prediction,shipped,I’ll be going over it all night,,,,
S11-D1,start #11,don’t get the last word,do,shipped,Let one disagreement finish where it finishes today.,,,,
S11-D2,start #11,don’t get the last word,do,shipped,"Say your bit once, and stop.",,,,
S11-X1,start #11,don’t get the last word,drop,shipped,Don’t send the follow-up message.,,,,
S11-X2,start #11,don’t get the last word,drop,shipped,Don’t go back to it later.,,,,
S11-D3,start #11,don’t get the last word,do,PROPOSED,Let somebody else close one conversation today.,,,,
S11-D4,start #11,don’t get the last word,do,PROPOSED,Leave one thing unanswered that you could answer.,,,,
S11-X3,start #11,don’t get the last word,drop,PROPOSED,Don’t draft the reply you aren’t going to send.,,,,
S11-X4,start #11,don’t get the last word,drop,PROPOSED,Don’t tell somebody else your side of it.,,,,
S12-P1,start #12,let somebody see I got it wrong,prediction,shipped,they’ll lose confidence in me,,,,
S12-P2,start #12,let somebody see I got it wrong,prediction,shipped,they’ll bring it up again later,,,,
S12-P3,start #12,let somebody see I got it wrong,prediction,shipped,they’ll stop trusting me with things,,,,
S12-D1,start #12,let somebody see I got it wrong,do,shipped,"Say “I got that wrong” once today, and leave it there.",,,,
S12-D2,start #12,let somebody see I got it wrong,do,shipped,Own one mistake before anybody finds it.,,,,
S12-X1,start #12,let somebody see I got it wrong,drop,shipped,Don’t explain how it happened.,,,,
S12-X2,start #12,let somebody see I got it wrong,drop,shipped,Don’t offer to fix it before they ask.,,,,
S12-D3,start #12,let somebody see I got it wrong,do,PROPOSED,Tell one person about a mistake they hadn’t noticed.,,,,
S12-D4,start #12,let somebody see I got it wrong,do,PROPOSED,Correct yourself out loud in front of somebody today.,,,,
S12-X3,start #12,let somebody see I got it wrong,drop,PROPOSED,Don’t say how tired or busy you were.,,,,
S12-X4,start #12,let somebody see I got it wrong,drop,PROPOSED,Don’t make up for it with something else the same day.,,,,
S13-P1,start #13,don’t rush to be early,prediction,shipped,I’ll be late and it’ll look bad,,,,
S13-P2,start #13,don’t rush to be early,prediction,shipped,they’ll think I don’t take it seriously,,,,
S13-P3,start #13,don’t rush to be early,prediction,shipped,the whole day will run behind,,,,
S13-D1,start #13,don’t rush to be early,do,shipped,"Leave at the time it actually takes, once, and write down when you arrived.",,,,
S13-D2,start #13,don’t rush to be early,do,shipped,"Arrive on time rather than early, once.",,,,
S13-X1,start #13,don’t rush to be early,drop,shipped,Don’t leave a buffer.,,,,
S13-X2,start #13,don’t rush to be early,drop,shipped,Don’t message ahead to say where you are.,,,,
S13-D3,start #13,don’t rush to be early,do,PROPOSED,"Set off at the time you worked out, not ten minutes before.",,,,
S13-D4,start #13,don’t rush to be early,do,PROPOSED,"Arrive at the time you said you would, once.",,,,
S13-X3,start #13,don’t rush to be early,drop,PROPOSED,Don’t check the journey time again before you go.,,,,
S13-X4,start #13,don’t rush to be early,drop,PROPOSED,Don’t build in a spare fifteen minutes at the other end.,,,,
S14-P1,start #14,say something good about somebody,prediction,shipped,it’ll come out wrong,,,,
S14-P2,start #14,say something good about somebody,prediction,shipped,they’ll be embarrassed,,,,
S14-P3,start #14,say something good about somebody,prediction,shipped,they’ll think I want something,,,,
S14-D1,start #14,say something good about somebody,do,shipped,Tell one person one specific thing they did well.,,,,
S14-D2,start #14,say something good about somebody,do,shipped,Say it out loud rather than in a message.,,,,
S14-X1,start #14,say something good about somebody,drop,shipped,Don’t follow it with a joke.,,,,
S14-X2,start #14,say something good about somebody,drop,shipped,Don’t add “anyway”.,,,,
S14-D3,start #14,say something good about somebody,do,PROPOSED,Say the compliment you’d normally think and not say.,,,,
S14-D4,start #14,say something good about somebody,do,PROPOSED,Tell somebody today why their work made a difference.,,,,
S14-X3,start #14,say something good about somebody,drop,PROPOSED,Don’t make it lighter by exaggerating it.,,,,
S14-X4,start #14,say something good about somebody,drop,PROPOSED,Don’t move straight on to something else.,,,,
S15-P1,start #15,ask somebody for help,prediction,shipped,they’ll think I can’t cope,,,,
S15-P2,start #15,ask somebody for help,prediction,shipped,they’ll say yes and resent it,,,,
S15-P3,start #15,ask somebody for help,prediction,shipped,they’ll say no,,,,
S15-D1,start #15,ask somebody for help,do,shipped,Ask one person for one specific thing today.,,,,
S15-D2,start #15,ask somebody for help,do,shipped,Ask for help with something you could just about manage alone.,,,,
S15-X1,start #15,ask somebody for help,drop,shipped,Don’t say “if you’ve got a minute”.,,,,
S15-X2,start #15,ask somebody for help,drop,shipped,Don’t do half of it first.,,,,
S15-D3,start #15,ask somebody for help,do,PROPOSED,Ask before you’ve tried everything yourself.,,,,
S15-D4,start #15,ask somebody for help,do,PROPOSED,Ask one person to take one job off you today.,,,,
S15-X3,start #15,ask somebody for help,drop,PROPOSED,Don’t promise to make it up to them.,,,,
S15-X4,start #15,ask somebody for help,drop,PROPOSED,Don’t say you’d have managed anyway.,,,,
S16-P1,start #16,stop before it’s finished,prediction,shipped,it’ll never get done,,,,
S16-P2,start #16,stop before it’s finished,prediction,shipped,I’ll have wasted the whole run at it,,,,
S16-P3,start #16,stop before it’s finished,prediction,shipped,somebody will see it half done,,,,
S16-D1,start #16,stop before it’s finished,do,shipped,"Stop at the hour, mid-thing, and go and do something else.",,,,
S16-D2,start #16,stop before it’s finished,do,shipped,End one job today at a point that isn’t the end.,,,,
S16-X1,start #16,stop before it’s finished,drop,shipped,Don’t tidy it up first.,,,,
S16-X2,start #16,stop before it’s finished,drop,shipped,Don’t leave a note saying where you got to.,,,,
S16-D3,start #16,stop before it’s finished,do,PROPOSED,Put it down in the middle of a sentence today.,,,,
S16-D4,start #16,stop before it’s finished,do,PROPOSED,"Set an alarm and stop when it goes, wherever you are.",,,,
S16-X3,start #16,stop before it’s finished,drop,PROPOSED,Don’t finish the bit you’re on.,,,,
S16-X4,start #16,stop before it’s finished,drop,PROPOSED,Don’t plan when you’ll pick it back up.,,,,
S17-P1,start #17,go to something on my own,prediction,shipped,I’ll stand there with nobody to talk to,,,,
S17-P2,start #17,go to something on my own,prediction,shipped,everyone will notice I came alone,,,,
S17-P3,start #17,go to something on my own,prediction,shipped,I’ll want to leave within ten minutes,,,,
S17-D1,start #17,go to something on my own,do,shipped,Go to one thing today without arranging to meet anybody.,,,,
S17-D2,start #17,go to something on my own,do,shipped,"Stay half an hour, and write down who spoke to you.",,,,
S17-X1,start #17,go to something on my own,drop,shipped,Don’t hold your phone.,,,,
S17-X2,start #17,go to something on my own,drop,shipped,Don’t line up an excuse to leave.,,,,
S17-D3,start #17,go to something on my own,do,PROPOSED,Turn up somewhere today without telling anybody you’re coming.,,,,
S17-D4,start #17,go to something on my own,do,PROPOSED,Sit down on your own rather than looking for someone you know.,,,,
S17-X3,start #17,go to something on my own,drop,PROPOSED,Don’t arrive late enough to slip in.,,,,
S17-X4,start #17,go to something on my own,drop,PROPOSED,Don’t stand where you can watch the door.,,,,
S18-P1,start #18,leave early and say plainly that I’m going,prediction,shipped,they’ll take it as a snub,,,,
S18-P2,start #18,leave early and say plainly that I’m going,prediction,shipped,they’ll ask questions I don’t want to answer,,,,
S18-P3,start #18,leave early and say plainly that I’m going,prediction,shipped,I won’t get asked again,,,,
S18-D1,start #18,leave early and say plainly that I’m going,do,shipped,"Leave one thing when you want to, and say plainly that you’re off.",,,,
S18-D2,start #18,leave early and say plainly that I’m going,do,shipped,"Say goodbye once, and go.",,,,
S18-X1,start #18,leave early and say plainly that I’m going,drop,shipped,Don’t invent a reason.,,,,
S18-X2,start #18,leave early and say plainly that I’m going,drop,shipped,Don’t stay for one more of anything.,,,,
S18-D3,start #18,leave early and say plainly that I’m going,do,PROPOSED,"Tell the person nearest you that you’re leaving, and leave.",,,,
S18-D4,start #18,leave early and say plainly that I’m going,do,PROPOSED,"Go at the time you wanted to go, not when it thins out.",,,,
S18-X3,start #18,leave early and say plainly that I’m going,drop,PROPOSED,Don’t wait for somebody else to leave first.,,,,
S18-X4,start #18,leave early and say plainly that I’m going,drop,PROPOSED,Don’t promise to come to the next one.,,,,
S19-P1,start #19,don’t check it a second time,prediction,shipped,I’ll have missed something,"OURS: WE PROPOSE THIS WHOLE START COMES OUT. It is a checking ritual, which rule 4 forbids BETR to propose. See §3.",,,
S19-P2,start #19,don’t check it a second time,prediction,shipped,it’ll be wrong and I won’t know,"OURS: WE PROPOSE THIS WHOLE START COMES OUT. It is a checking ritual, which rule 4 forbids BETR to propose. See §3.",,,
S19-P3,start #19,don’t check it a second time,prediction,shipped,I won’t settle until I’ve looked,"OURS: WE PROPOSE THIS WHOLE START COMES OUT. It is a checking ritual, which rule 4 forbids BETR to propose. See §3.",,,
S19-D1,start #19,don’t check it a second time,do,shipped,"Check once today, and write down the time you stopped wanting to look.","OURS: WE PROPOSE THIS WHOLE START COMES OUT. It is a checking ritual, which rule 4 forbids BETR to propose. See §3.",,,
S19-D2,start #19,don’t check it a second time,do,shipped,"Lock up once, and walk away.","OURS: WE PROPOSE THIS WHOLE START COMES OUT. It is a checking ritual, which rule 4 forbids BETR to propose. See §3.",,,
S19-X1,start #19,don’t check it a second time,drop,shipped,No second look.,"OURS: WE PROPOSE THIS WHOLE START COMES OUT. It is a checking ritual, which rule 4 forbids BETR to propose. See §3.",,,
S19-X2,start #19,don’t check it a second time,drop,shipped,Don’t ask anybody else to check for you.,"OURS: WE PROPOSE THIS WHOLE START COMES OUT. It is a checking ritual, which rule 4 forbids BETR to propose. See §3.",,,
S20-P1,start #20,let a message sit unread,prediction,shipped,it’ll turn out to be the urgent one,,,,
S20-P2,start #20,let a message sit unread,prediction,shipped,they’ll see I’ve ignored it,,,,
S20-P3,start #20,let a message sit unread,prediction,shipped,it’ll pile up and get worse,,,,
S20-D1,start #20,let a message sit unread,do,shipped,Leave one message unopened until this evening.,,,,
S20-D2,start #20,let a message sit unread,do,shipped,Turn the badge off for a day.,,,,
S20-X1,start #20,let a message sit unread,drop,shipped,Don’t read the preview.,,,,
S20-X2,start #20,let a message sit unread,drop,shipped,Don’t open it and leave it unanswered.,,,,
S20-D3,start #20,let a message sit unread,do,PROPOSED,Leave one thread unopened for a whole day.,,,,
S20-D4,start #20,let a message sit unread,do,PROPOSED,Let the notification sit there while you carry on.,,,,
S20-X3,start #20,let a message sit unread,drop,PROPOSED,Don’t guess who it’s from.,,,,
S20-X4,start #20,let a message sit unread,drop,PROPOSED,Don’t clear the other notifications to feel on top of it.,,,,
S21-P1,start #21,get through it without apologising,prediction,shipped,they’ll think I don’t care,"OURS: this exact prediction is ALSO at S06-P1 — already-shipped duplication, found while checking our own. Two sources, one prediction.",,,
S21-P2,start #21,get through it without apologising,prediction,shipped,it’ll sit between us,,,,
S21-P3,start #21,get through it without apologising,prediction,shipped,somebody will say something about it,,,,
S21-D1,start #21,get through it without apologising,do,shipped,Get through one small thing today without saying sorry.,,,,
S21-D2,start #21,get through it without apologising,do,shipped,"Say “thanks for waiting” instead of “sorry I’m late”, once.",,,,
S21-X1,start #21,get through it without apologising,drop,shipped,Don’t apologise in the first sentence.,,,,
S21-X2,start #21,get through it without apologising,drop,shipped,Don’t apologise for not apologising.,,,,
S21-D3,start #21,get through it without apologising,do,PROPOSED,Ask your question today without apologising first.,,,,
S21-D4,start #21,get through it without apologising,do,PROPOSED,Take up somebody’s time once without saying sorry for it.,,,,
S21-X3,start #21,get through it without apologising,drop,PROPOSED,Don’t swap “sorry” for “just”.,,,,
S21-X4,start #21,get through it without apologising,drop,PROPOSED,Don’t make your voice smaller instead.,,,,
W-NO-K1,worry: no,say no to {person} without giving a reason,skeleton,"shipped, UNREVIEWED",say no to {person} without giving a reason,"OURS: B41. {person} is a gap the person types into; while it is empty the whole sentence reads “somebody”. This same stem sits inside all three predictions and all three sizes below, so a word wrong here is wrong nine times.",,,
W-NO-P1,worry: no,say no to {person} without giving a reason,prediction,"shipped, UNREVIEWED","If I say no to {person} without giving a reason, then {person} will think I’m selfish.",,,,
W-NO-E1,worry: no,say no to {person} without giving a reason,expect,"shipped, UNREVIEWED","There’ll be a pause, and {person} will be a bit off with me afterwards.",,,,
W-NO-P2,worry: no,say no to {person} without giving a reason,prediction,"shipped, UNREVIEWED","If I say no to {person} without giving a reason, then {person} will stop asking me.",,,,
W-NO-E2,worry: no,say no to {person} without giving a reason,expect,"shipped, UNREVIEWED","I’ll be left out of the next one, and nobody will say why.",,,,
W-NO-P3,worry: no,say no to {person} without giving a reason,prediction,"shipped, UNREVIEWED","If I say no to {person} without giving a reason, then {person} will take it as rude.",,,,
W-NO-E3,worry: no,say no to {person} without giving a reason,expect,"shipped, UNREVIEWED","They’ll take it personally, and it’ll sit there between us.",,,,
W-NO-D1,worry: no,say no to {person} without giving a reason,do (A small go),"shipped, UNREVIEWED","Say no to {person} once today, about something small.","OURS, AND ONE OF THE THREE QUESTIONS: the smallest honest version here changes WHAT it is about and keeps WHO it is with. Should it be the other way round — the same refusal, to somebody safer? We could not settle it.",,,
W-NO-X1,worry: no,say no to {person} without giving a reason,drop (A small go),"shipped, UNREVIEWED",Don’t give a reason.,,,,
W-NO-D2,worry: no,say no to {person} without giving a reason,do (A bigger go),"shipped, UNREVIEWED",Say no to {person} about something bigger than you would usually refuse.,,,,
W-NO-X2,worry: no,say no to {person} without giving a reason,drop (A bigger go),"shipped, UNREVIEWED","Don’t give a reason, and don’t offer them anything instead.",,,,
W-NO-D3,worry: no,say no to {person} without giving a reason,do (The whole thing),"shipped, UNREVIEWED","Say no to {person} today, and say nothing after it.","OURS: the largest step BETR proposes on this worry, and it is offered to somebody with no clinician. Is it safe as written, and is it actually a bigger version of the same test rather than a different one?",,,
W-NO-X3,worry: no,say no to {person} without giving a reason,drop (The whole thing),"shipped, UNREVIEWED","No reason, no apology, and no making up for it later.",,,,
W-ST-K1,worry: strug,tell {person} one true thing I’m finding hard,skeleton,"shipped, UNREVIEWED",tell {person} one true thing I’m finding hard,"OURS: B41. Same note as W-NO-K1 — {person} reads “somebody” while it is empty, and this stem is inside all six sentences below it.",,,
W-ST-P1,worry: strug,tell {person} one true thing I’m finding hard,prediction,"shipped, UNREVIEWED","If I tell {person} one true thing I’m finding hard, then {person} will think less of me.",,,,
W-ST-E1,worry: strug,tell {person} one true thing I’m finding hard,expect,"shipped, UNREVIEWED","{person} will go quiet, change the subject, and keep a bit of distance after.",,,,
W-ST-P2,worry: strug,tell {person} one true thing I’m finding hard,prediction,"shipped, UNREVIEWED","If I tell {person} one true thing I’m finding hard, then {person} will wonder what else I can’t manage.",,,,
W-ST-E2,worry: strug,tell {person} one true thing I’m finding hard,expect,"shipped, UNREVIEWED",It’ll come up again the next time something needs doing.,,,,
W-ST-P3,worry: strug,tell {person} one true thing I’m finding hard,prediction,"shipped, UNREVIEWED","If I tell {person} one true thing I’m finding hard, then I’ll be the one everybody has to work around.","OURS: the only one of the three whose second half is not about {person}. Deliberate — the consequence is a standing, not a reaction — but it means the gap appears once here and twice in the other two.",,,
W-ST-E3,worry: strug,tell {person} one true thing I’m finding hard,expect,"shipped, UNREVIEWED","People will start being careful with me, and I’ll hate it.",,,,
W-ST-D1,worry: strug,tell {person} one true thing I’m finding hard,do (A small go),"shipped, UNREVIEWED",Tell {person} one true sentence about how this week has been.,"OURS: same question as W-NO-D1 — smallest by CONTENT, not by who it is with.",,,
W-ST-X1,worry: strug,tell {person} one true thing I’m finding hard,drop (A small go),"shipped, UNREVIEWED",Don’t finish it with “but I’m fine”.,,,,
W-ST-D2,worry: strug,tell {person} one true thing I’m finding hard,do (A bigger go),"shipped, UNREVIEWED",Tell {person} the thing you would normally keep to yourself.,,,,
W-ST-X2,worry: strug,tell {person} one true thing I’m finding hard,drop (A bigger go),"shipped, UNREVIEWED","Don’t make a joke of it, and don’t move it on afterwards.",,,,
W-ST-D3,worry: strug,tell {person} one true thing I’m finding hard,do (The whole thing),"shipped, UNREVIEWED","Tell {person} what you are actually finding hard, and let it be a conversation.",OURS: THE ONE WE ARE LEAST SURE OF. It is the only step in BETR that hands the length of the thing to the other person — the other two end when the person stops talking. Offered with no clinician anywhere near it.,,,
W-ST-X3,worry: strug,tell {person} one true thing I’m finding hard,drop (The whole thing),"shipped, UNREVIEWED","No “but I’m fine”, no joke, and no changing the subject.",,,,
G-Z1,general,(any sentence the person typed),size name,"shipped, UNREVIEWED",A small go,"OURS: B42. These three names are the dial, and every road with no sizes of its own falls through to them. THE THIRD QUESTION: are they actually in order — is “the whole thing” reliably a bigger ask than “a bigger go”, whatever the person typed? No test can check that.",,,
G-Z2,general,(any sentence the person typed),size name,"shipped, UNREVIEWED",A bigger go,,,,
G-Z3,general,(any sentence the person typed),size name,"shipped, UNREVIEWED",The whole thing,,,,
G-D7,general,(any sentence the person typed),do (A bigger go),"shipped, UNREVIEWED",Do the version of it you would normally talk yourself out of.,,,,
G-D8,general,(any sentence the person typed),do (The whole thing),"shipped, UNREVIEWED","Do the whole thing today, the way you would if you weren’t worried about it.","OURS: unbounded. It reaches everybody whatever they typed, which is the same objection we raised against G-X4 and G-X5.",,,
G-X7,general,(any sentence the person typed),drop (The whole thing),"shipped, UNREVIEWED","Don’t soften it, and don’t apologise for it afterwards.",,,,
GD-R1,guide: make it smaller,(read by anybody who taps the link),rule,"shipped, UNREVIEWED","The one to start with is the smallest version that could still turn out wrong. Smaller than that and nothing can surprise you, and being surprised is the only part that does anything.","OURS, AND ONE OF THE THREE QUESTIONS ALREADY IN THIS SHEET: is “the smallest version that could still turn out wrong” safe as an instruction to somebody with no clinician? It is the sentence the whole screen is built on, and it is also the fifth answer on the other guide screen — one string, read in two places.",,,
GD-N1,guide: make it smaller,(read by anybody who taps the link),normalising,"shipped, UNREVIEWED","If you just thought “I can’t actually do that” — that is the sentence at the top, said out loud. It is the thing being tested. It is not a sign you have picked the wrong one.","OURS: the first line, and the one that has to be right. It tells somebody their “I can’t do that” IS the belief under test rather than a reason to stop. If that reads as being talked out of a real limit, this line is the problem and not the screen.",,,
GD-D1,guide: make it smaller,(read by anybody who taps the link),dial,"shipped, UNREVIEWED",Who it’s with. Somebody it would matter less with.,OURS: five things a person can turn to make a test smaller. B42’s three sizes only turn the second one; this names the other four.,,,
GD-D2,guide: make it smaller,(read by anybody who taps the link),dial,"shipped, UNREVIEWED",How big a thing it is. The smallest true version of it.,,,,
GD-D3,guide: make it smaller,(read by anybody who taps the link),dial,"shipped, UNREVIEWED","How long it goes on. One sentence, and then on to something else.",,,,
GD-D4,guide: make it smaller,(read by anybody who taps the link),dial,"shipped, UNREVIEWED","When and where. A moment you pick, not one that catches you.",,,,
GD-D5,guide: make it smaller,(read by anybody who taps the link),dial,"shipped, UNREVIEWED",How many people are there. One person rather than a room.,,,,
GD-C1,guide: make it smaller,(read by anybody who taps the link),counts,"shipped, UNREVIEWED",A smaller one still counts. Doing something once and getting away with it is easy to put down to luck — that is what tomorrow is for.,,,,
GD-S1,guide: make it smaller,(read by anybody who taps the link),worked shrink (The whole thing),"shipped, UNREVIEWED","Say no to the next big thing anybody asks, and say nothing after it.","OURS: BETR PROPOSING THREE TESTS, in a worked example everybody reads whatever they typed. Read biggest first, because shrinking is what the screen teaches. The first is the largest thing BETR proposes anywhere outside a worry’s own sizes.",,,
GD-S2,guide: make it smaller,(read by anybody who taps the link),worked shrink (A bigger go),"shipped, UNREVIEWED","Say no to something you would usually take on, and don’t offer anything instead.",,,,
GD-S3,guide: make it smaller,(read by anybody who taps the link),worked shrink (A small go),"shipped, UNREVIEWED","Say no to one small thing today, in one sentence, and don’t give a reason.",,,,
GD-F1,guide: make it smaller,(read by anybody who taps the link),closing,"shipped, UNREVIEWED",Only the last one has to happen today. The other two are still there tomorrow.,,,,
GD-Q1,guide: make it smaller,(read by anybody who taps the link),quoted sentence,"shipped, UNREVIEWED","If I say no to somebody without giving a reason, then they’ll be off with me for days.",OURS: the example sentence the shrink is performed on. Named as an example and about nobody.,,,
GW-1,guide: why it’s written like this,(read by anybody who taps the link),answer — Why “If I”,"shipped, UNREVIEWED","Because it has to be something you would do, on a day. “I am …” has no day in it — nothing either happened or did not, so there is nothing to find out. “If I …” gives you a Tuesday, and an answer by Tuesday night.","OURS: five short answers, and this screen is ALSO the fix for why.js being unreachable to somebody who wrote their own test — that file is keyed to a stock worry and only appears after a result. THE FOUNDER’S OPEN QUESTION: is five one too many for a screen met before anybody has written anything?",,,
GW-2,guide: why it’s written like this,(read by anybody who taps the link),answer — Why it needs a “then”,"shipped, UNREVIEWED",Because somebody standing there would have to be able to see it happen. “Then I’ll feel awful” cannot be settled by anything; you will feel however you feel. “Then she won’t talk to me for the day” can.,,,,
GW-3,guide: why it’s written like this,(read by anybody who taps the link),answer — Why you write it down first,"shipped, UNREVIEWED","So that afterwards you cannot quietly move it. Everybody moves it. Written down first, it either happened or it did not.",,,,
GW-4,guide: why it’s written like this,(read by anybody who taps the link),answer — Why you leave something out,"shipped, UNREVIEWED","The bit you always do — the reason, the joke, the “but I’m fine” — is the bit that gets the credit when it goes fine. Leave it out once, and whatever happens is about the thing itself.",,,,
GW-5,guide: why it’s written like this,(read by anybody who taps the link),answer — Why you start small,"shipped, UNREVIEWED","The one to start with is the smallest version that could still turn out wrong. Smaller than that and nothing can surprise you, and being surprised is the only part that does anything.","The same string as GD-R1. Said once, read on both screens.",,,
W-SIT-K1,worry: sit,sit with the restlessness for {long},skeleton,"shipped, UNREVIEWED",sit with the restlessness for {long},"OURS: B46. THE PRINTED VERB, new today — this worry had two empty blanks before. The gap {long} reads “ten minutes” while it is empty. Three slightly different actions became ONE, which is what a skeleton is — that collapse is the part to judge fresh.",,,
W-SIT-P1,worry: sit,sit with the restlessness for {long},prediction,"shipped, UNREVIEWED","If I sit with the restlessness for {long}, then it’ll build until I have to do something about it.","OURS: the CONSEQUENCE half is the shipped wording, kept word for word wherever it still read; only the action half and the pronouns changed.",,,
W-SIT-E1,worry: sit,sit with the restlessness for {long},expect,"shipped, UNREVIEWED",By about the fifth minute I’ll be up and doing something else.,,,,
W-SIT-P2,worry: sit,sit with the restlessness for {long},prediction,"shipped, UNREVIEWED","If I sit with the restlessness for {long}, then I’ll be no use for the rest of the day.",,,,
W-SIT-E2,worry: sit,sit with the restlessness for {long},expect,"shipped, UNREVIEWED",I’ll write the day off and get nothing done.,,,,
W-SIT-P3,worry: sit,sit with the restlessness for {long},prediction,"shipped, UNREVIEWED","If I sit with the restlessness for {long}, then everything I’ve been not thinking about will land at once.",,,,
W-SIT-E3,worry: sit,sit with the restlessness for {long},expect,"shipped, UNREVIEWED","The whole list will arrive at once, and stopping will have cost me.",,,,
W-PHONE-K1,worry: phone,go {long} without my phone,skeleton,"shipped, UNREVIEWED",go {long} without my phone,"OURS: B46. THE PRINTED VERB, new today — this worry had two empty blanks before. The gap {long} reads “a whole evening” while it is empty. Three slightly different actions became ONE, which is what a skeleton is — that collapse is the part to judge fresh.",,,
W-PHONE-P1,worry: phone,go {long} without my phone,prediction,"shipped, UNREVIEWED","If I go {long} without my phone, then I’ll miss something that actually needed me.","OURS: the CONSEQUENCE half is the shipped wording, kept word for word wherever it still read; only the action half and the pronouns changed.",,,
W-PHONE-E1,worry: phone,go {long} without my phone,expect,"shipped, UNREVIEWED",Something urgent will come in and I’ll have let someone down.,,,,
W-PHONE-P2,worry: phone,go {long} without my phone,prediction,"shipped, UNREVIEWED","If I go {long} without my phone, then people will think I’m ignoring them.",,,,
W-PHONE-E2,worry: phone,go {long} without my phone,expect,"shipped, UNREVIEWED",There’ll be a short reply in the morning and a bit of an atmosphere.,,,,
W-PHONE-P3,worry: phone,go {long} without my phone,prediction,"shipped, UNREVIEWED","If I go {long} without my phone, then I’ll be twitchy the whole time and get nothing out of it anyway.",,,,
W-PHONE-E3,worry: phone,go {long} without my phone,expect,"shipped, UNREVIEWED",I’ll spend the evening thinking about the phone instead of using it.,,,,
W-FEED-K1,worry: feed,go {long} without opening the apps I scroll,skeleton,"shipped, UNREVIEWED",go {long} without opening the apps I scroll,"OURS: B46. THE PRINTED VERB, new today — this worry had two empty blanks before. The gap {long} reads “a day” while it is empty. Three slightly different actions became ONE, which is what a skeleton is — that collapse is the part to judge fresh.",,,
W-FEED-P1,worry: feed,go {long} without opening the apps I scroll,prediction,"shipped, UNREVIEWED","If I go {long} without opening the apps I scroll, then I’ll be the only one who hasn’t heard something.","OURS: the CONSEQUENCE half is the shipped wording, kept word for word wherever it still read; only the action half and the pronouns changed.",,,
W-FEED-E1,worry: feed,go {long} without opening the apps I scroll,expect,"shipped, UNREVIEWED",Someone will mention it and it’ll be obvious I’m out of the loop.,,,,
W-FEED-P2,worry: feed,go {long} without opening the apps I scroll,prediction,"shipped, UNREVIEWED","If I go {long} without opening the apps I scroll, then people will think I’ve gone off them.",,,,
W-FEED-E2,worry: feed,go {long} without opening the apps I scroll,expect,"shipped, UNREVIEWED",Somebody will notice I’ve disappeared and read something into it.,,,,
W-FEED-P3,worry: feed,go {long} without opening the apps I scroll,prediction,"shipped, UNREVIEWED","If I go {long} without opening the apps I scroll, then I’ll have nothing to talk about.",,,,
W-FEED-E3,worry: feed,go {long} without opening the apps I scroll,expect,"shipped, UNREVIEWED",I’ll be sitting there with nothing to say.,,,,
W-REPLY-K1,worry: reply,leave a message from {person} a few hours before I answer,skeleton,"shipped, UNREVIEWED",leave a message from {person} a few hours before I answer,"OURS: B46. THE PRINTED VERB, new today — this worry had two empty blanks before. The gap {person} reads “somebody” while it is empty. Three slightly different actions became ONE, which is what a skeleton is — that collapse is the part to judge fresh.",,,
W-REPLY-P1,worry: reply,leave a message from {person} a few hours before I answer,prediction,"shipped, UNREVIEWED","If I leave a message from {person} a few hours before I answer, then {person} will think I don’t care.","OURS: the CONSEQUENCE half is the shipped wording, kept word for word wherever it still read; only the action half and the pronouns changed.",,,
W-REPLY-E1,worry: reply,leave a message from {person} a few hours before I answer,expect,"shipped, UNREVIEWED","They’ll go a bit cooler with me, and I’ll have to make it up to them.",,,,
W-REPLY-P2,worry: reply,leave a message from {person} a few hours before I answer,prediction,"shipped, UNREVIEWED","If I leave a message from {person} a few hours before I answer, then {person} will assume I’m annoyed.",,,,
W-REPLY-E2,worry: reply,leave a message from {person} a few hours before I answer,expect,"shipped, UNREVIEWED","They’ll ask if everything’s all right, in that careful way.",,,,
W-REPLY-P3,worry: reply,leave a message from {person} a few hours before I answer,prediction,"shipped, UNREVIEWED","If I leave a message from {person} a few hours before I answer, then {person} will stop bothering to message me.",,,,
W-REPLY-E3,worry: reply,leave a message from {person} a few hours before I answer,expect,"shipped, UNREVIEWED","They’ll go to somebody else next time, and I’ll hear about it after.",,,,
W-CHECK-K1,worry: check,send {thing} after reading it through once,skeleton,"shipped, UNREVIEWED",send {thing} after reading it through once,"OURS: B46. THE PRINTED VERB, new today — this worry had two empty blanks before. The gap {thing} reads “something” while it is empty. Three slightly different actions became ONE, which is what a skeleton is — that collapse is the part to judge fresh.",,,
W-CHECK-P1,worry: check,send {thing} after reading it through once,prediction,"shipped, UNREVIEWED","If I send {thing} after reading it through once, then there’ll be a mistake in it and I’ll look sloppy.","OURS: the CONSEQUENCE half is the shipped wording, kept word for word wherever it still read; only the action half and the pronouns changed.",,,
W-CHECK-E1,worry: check,send {thing} after reading it through once,expect,"shipped, UNREVIEWED","Someone will spot something, and they’ll think I rushed it.",,,,
W-CHECK-P2,worry: check,send {thing} after reading it through once,prediction,"shipped, UNREVIEWED","If I send {thing} after reading it through once, then it’ll come out blunter than I meant it.",,,,
W-CHECK-E2,worry: check,send {thing} after reading it through once,expect,"shipped, UNREVIEWED",They’ll take it the wrong way and I’ll spend the day fixing it.,,,,
W-CHECK-P3,worry: check,send {thing} after reading it through once,prediction,"shipped, UNREVIEWED","If I send {thing} after reading it through once, then I’ll be thinking about it all afternoon.",,,,
W-CHECK-E3,worry: check,send {thing} after reading it through once,expect,"shipped, UNREVIEWED",I’ll keep going back to it and get nothing else done.,,,,
W-ENOUGH-K1,worry: enough,hand over {thing} at good enough,skeleton,"shipped, UNREVIEWED",hand over {thing} at good enough,"OURS: B46. THE PRINTED VERB, new today — this worry had two empty blanks before. The gap {thing} reads “something” while it is empty. Three slightly different actions became ONE, which is what a skeleton is — that collapse is the part to judge fresh.",,,
W-ENOUGH-P1,worry: enough,hand over {thing} at good enough,prediction,"shipped, UNREVIEWED","If I hand over {thing} at good enough, then people will think I don’t care about it.","OURS: the CONSEQUENCE half is the shipped wording, kept word for word wherever it still read; only the action half and the pronouns changed.",,,
W-ENOUGH-E1,worry: enough,hand over {thing} at good enough,expect,"shipped, UNREVIEWED",They’ll spot the rough edges and quietly decide I’ve dropped off.,,,,
W-ENOUGH-P2,worry: enough,hand over {thing} at good enough,prediction,"shipped, UNREVIEWED","If I hand over {thing} at good enough, then it’ll come straight back to me with a list.",,,,
W-ENOUGH-E2,worry: enough,hand over {thing} at good enough,expect,"shipped, UNREVIEWED","I’ll end up doing it twice, and that’s worse than doing it properly.",,,,
W-ENOUGH-P3,worry: enough,hand over {thing} at good enough,prediction,"shipped, UNREVIEWED","If I hand over {thing} at good enough, then that becomes what people expect from me.",,,,
W-ENOUGH-E3,worry: enough,hand over {thing} at good enough,expect,"shipped, UNREVIEWED","The standard slips, and I don’t get it back.",,,,
W-REST-K1,worry: rest,rest for {long} while there’s still stuff to do,skeleton,"shipped, UNREVIEWED",rest for {long} while there’s still stuff to do,"OURS: B46. THE PRINTED VERB, new today — this worry had two empty blanks before. The gap {long} reads “two hours” while it is empty. Three slightly different actions became ONE, which is what a skeleton is — that collapse is the part to judge fresh.",,,
W-REST-P1,worry: rest,rest for {long} while there’s still stuff to do,prediction,"shipped, UNREVIEWED","If I rest for {long} while there’s still stuff to do, then I’ll feel guilty the whole time.","OURS: the CONSEQUENCE half is the shipped wording, kept word for word wherever it still read; only the action half and the pronouns changed.",,,
W-REST-E1,worry: rest,rest for {long} while there’s still stuff to do,expect,"shipped, UNREVIEWED",I’ll sit there thinking about the list and get nothing out of it.,,,,
W-REST-P2,worry: rest,rest for {long} while there’s still stuff to do,prediction,"shipped, UNREVIEWED","If I rest for {long} while there’s still stuff to do, then I won’t start again today.",,,,
W-REST-E2,worry: rest,rest for {long} while there’s still stuff to do,expect,"shipped, UNREVIEWED","The afternoon will go, and tomorrow starts further behind.",,,,
W-REST-P3,worry: rest,rest for {long} while there’s still stuff to do,prediction,"shipped, UNREVIEWED","If I rest for {long} while there’s still stuff to do, then somebody will think I’m not pulling my weight.",,,,
W-REST-E3,worry: rest,rest for {long} while there’s still stuff to do,expect,"shipped, UNREVIEWED","Somebody will make a comment about it, and it’ll stick.",,,,
W-PRAISE-K1,worry: praise,say one specific good thing to {person} out loud,skeleton,"shipped, UNREVIEWED",say one specific good thing to {person} out loud,"OURS: B46. THE PRINTED VERB, new today — this worry had two empty blanks before. The gap {person} reads “somebody” while it is empty. Three slightly different actions became ONE, which is what a skeleton is — that collapse is the part to judge fresh.",,,
W-PRAISE-P1,worry: praise,say one specific good thing to {person} out loud,prediction,"shipped, UNREVIEWED","If I say one specific good thing to {person} out loud, then it’ll look like I was fishing for one back.","OURS: the CONSEQUENCE half is the shipped wording, kept word for word wherever it still read; only the action half and the pronouns changed.",,,
W-PRAISE-E1,worry: praise,say one specific good thing to {person} out loud,expect,"shipped, UNREVIEWED","There’ll be an odd beat, and I’ll wish I’d kept it to myself.",,,,
W-PRAISE-P2,worry: praise,say one specific good thing to {person} out loud,prediction,"shipped, UNREVIEWED","If I say one specific good thing to {person} out loud, then {person} will think I want something.",,,,
W-PRAISE-E2,worry: praise,say one specific good thing to {person} out loud,expect,"shipped, UNREVIEWED",They’ll be polite about it and wait for the ask.,,,,
W-PRAISE-P3,worry: praise,say one specific good thing to {person} out loud,prediction,"shipped, UNREVIEWED","If I say one specific good thing to {person} out loud, then it’ll come out wrong and make things awkward.",,,,
W-PRAISE-E3,worry: praise,say one specific good thing to {person} out loud,expect,"shipped, UNREVIEWED","It’ll sound odd, and neither of us will know what to say next.",,,,
W-CARE-K1,worry: care,tell {person} one specific thing I’m glad about them,skeleton,"shipped, UNREVIEWED",tell {person} one specific thing I’m glad about them,"OURS: B46. THE PRINTED VERB, new today — this worry had two empty blanks before. The gap {person} reads “somebody” while it is empty. Three slightly different actions became ONE, which is what a skeleton is — that collapse is the part to judge fresh.",,,
W-CARE-P1,worry: care,tell {person} one specific thing I’m glad about them,prediction,"shipped, UNREVIEWED","If I tell {person} one specific thing I’m glad about them, then {person} won’t say it back.","OURS: the CONSEQUENCE half is the shipped wording, kept word for word wherever it still read; only the action half and the pronouns changed.",,,
W-CARE-E1,worry: care,tell {person} one specific thing I’m glad about them,expect,"shipped, UNREVIEWED","They’ll laugh it off, and I’ll wish I hadn’t said it.",,,,
W-CARE-P2,worry: care,tell {person} one specific thing I’m glad about them,prediction,"shipped, UNREVIEWED","If I tell {person} one specific thing I’m glad about them, then it’ll change how we are with each other.",,,,
W-CARE-E2,worry: care,tell {person} one specific thing I’m glad about them,expect,"shipped, UNREVIEWED",It’ll be a bit stiff between us afterwards.,,,,
W-CARE-P3,worry: care,tell {person} one specific thing I’m glad about them,prediction,"shipped, UNREVIEWED","If I tell {person} one specific thing I’m glad about them, then {person} will wonder what’s brought this on.",,,,
W-CARE-E3,worry: care,tell {person} one specific thing I’m glad about them,expect,"shipped, UNREVIEWED","They’ll ask if I’m all right, and I’ll have to explain myself.",,,,
W-HELP-K1,worry: help,"ask {person} for one small, specific favour",skeleton,"shipped, UNREVIEWED","ask {person} for one small, specific favour","OURS: B46. THE PRINTED VERB, new today — this worry had two empty blanks before. The gap {person} reads “somebody” while it is empty. Three slightly different actions became ONE, which is what a skeleton is — that collapse is the part to judge fresh.",,,
W-HELP-P1,worry: help,"ask {person} for one small, specific favour",prediction,"shipped, UNREVIEWED","If I ask {person} for one small, specific favour, then I become a burden to {person}.","OURS: the CONSEQUENCE half is the shipped wording, kept word for word wherever it still read; only the action half and the pronouns changed.",,,
W-HELP-E1,worry: help,"ask {person} for one small, specific favour",expect,"shipped, UNREVIEWED","They’ll do it, and quietly file me under people who can’t cope.",,,,
W-HELP-P2,worry: help,"ask {person} for one small, specific favour",prediction,"shipped, UNREVIEWED","If I ask {person} for one small, specific favour, then I’ll be trusted with less.",,,,
W-HELP-E2,worry: help,"ask {person} for one small, specific favour",expect,"shipped, UNREVIEWED","Next time it’ll go to somebody else, without a word to me.",,,,
W-HELP-P3,worry: help,"ask {person} for one small, specific favour",prediction,"shipped, UNREVIEWED","If I ask {person} for one small, specific favour, then {person} will say yes and resent it.",,,,
W-HELP-E3,worry: help,"ask {person} for one small, specific favour",expect,"shipped, UNREVIEWED","They’ll help, and be a bit short with me for a while after.",,,,
W-LOW-K1,worry: low,tell {person} I’ve been feeling low lately,skeleton,"shipped, UNREVIEWED",tell {person} I’ve been feeling low lately,"OURS: B46. THE PRINTED VERB, new today — this worry had two empty blanks before. The gap {person} reads “somebody” while it is empty. Three slightly different actions became ONE, which is what a skeleton is — that collapse is the part to judge fresh.",,,
W-LOW-P1,worry: low,tell {person} I’ve been feeling low lately,prediction,"shipped, UNREVIEWED","If I tell {person} I’ve been feeling low lately, then {person} won’t know what to do with it.","OURS: the CONSEQUENCE half is the shipped wording, kept word for word wherever it still read; only the action half and the pronouns changed.",,,
W-LOW-E1,worry: low,tell {person} I’ve been feeling low lately,expect,"shipped, UNREVIEWED","They’ll say something kind, change the subject, and be careful around me after.",,,,
W-LOW-P2,worry: low,tell {person} I’ve been feeling low lately,prediction,"shipped, UNREVIEWED","If I tell {person} I’ve been feeling low lately, then {person} will start worrying about me.",,,,
W-LOW-E2,worry: low,tell {person} I’ve been feeling low lately,expect,"shipped, UNREVIEWED","They’ll check up on me, and I’ll wish I’d never said it.",,,,
W-LOW-P3,worry: low,tell {person} I’ve been feeling low lately,prediction,"shipped, UNREVIEWED","If I tell {person} I’ve been feeling low lately, then it’s the thing {person} thinks of every time they see me.",,,,
W-LOW-E3,worry: low,tell {person} I’ve been feeling low lately,expect,"shipped, UNREVIEWED","I’ll be the one who isn’t doing well, and that’s what I’ll stay.",,,,
W-MIST-K1,worry: mist,tell {person} about one small mistake of mine before they find it,skeleton,"shipped, UNREVIEWED",tell {person} about one small mistake of mine before they find it,"OURS: B46. THE PRINTED VERB, new today — this worry had two empty blanks before. The gap {person} reads “somebody” while it is empty. Three slightly different actions became ONE, which is what a skeleton is — that collapse is the part to judge fresh.",,,
W-MIST-P1,worry: mist,tell {person} about one small mistake of mine before they find it,prediction,"shipped, UNREVIEWED","If I tell {person} about one small mistake of mine before they find it, then it’ll be held against me later.","OURS: the CONSEQUENCE half is the shipped wording, kept word for word wherever it still read; only the action half and the pronouns changed.",,,
W-MIST-E1,worry: mist,tell {person} about one small mistake of mine before they find it,expect,"shipped, UNREVIEWED","They’ll remember this one, and trust me with less next time.",,,,
W-MIST-P2,worry: mist,tell {person} about one small mistake of mine before they find it,prediction,"shipped, UNREVIEWED","If I tell {person} about one small mistake of mine before they find it, then {person} will start looking for others.",,,,
W-MIST-E2,worry: mist,tell {person} about one small mistake of mine before they find it,expect,"shipped, UNREVIEWED",Everything I do goes under the microscope after this.,,,,
W-MIST-P3,worry: mist,tell {person} about one small mistake of mine before they find it,prediction,"shipped, UNREVIEWED","If I tell {person} about one small mistake of mine before they find it, then {person} will think worse of me than if I’d quietly fixed it.",,,,
W-MIST-E3,worry: mist,tell {person} about one small mistake of mine before they find it,expect,"shipped, UNREVIEWED","They’ll be fine to my face, and it’ll go on my record anyway.",,,,
W-ANGRY-K1,worry: angry,tell {person} one thing they’ve done that annoyed me,skeleton,"shipped, UNREVIEWED",tell {person} one thing they’ve done that annoyed me,"OURS: B46. THE PRINTED VERB, new today — this worry had two empty blanks before. The gap {person} reads “somebody” while it is empty. Three slightly different actions became ONE, which is what a skeleton is — that collapse is the part to judge fresh.",,,
W-ANGRY-P1,worry: angry,tell {person} one thing they’ve done that annoyed me,prediction,"shipped, UNREVIEWED","If I tell {person} one thing they’ve done that annoyed me, then it’ll turn into an argument.","OURS: the CONSEQUENCE half is the shipped wording, kept word for word wherever it still read; only the action half and the pronouns changed.",,,
W-ANGRY-E1,worry: angry,tell {person} one thing they’ve done that annoyed me,expect,"shipped, UNREVIEWED","They’ll get defensive, and it’ll turn into a much bigger thing.",,,,
W-ANGRY-P2,worry: angry,tell {person} one thing they’ve done that annoyed me,prediction,"shipped, UNREVIEWED","If I tell {person} one thing they’ve done that annoyed me, then {person} will say I’m making something out of nothing.",,,,
W-ANGRY-E2,worry: angry,tell {person} one thing they’ve done that annoyed me,expect,"shipped, UNREVIEWED",I’ll come out of it feeling like the unreasonable one.,,,,
W-ANGRY-P3,worry: angry,tell {person} one thing they’ve done that annoyed me,prediction,"shipped, UNREVIEWED","If I tell {person} one thing they’ve done that annoyed me, then things will be off between us for days.",,,,
W-ANGRY-E3,worry: angry,tell {person} one thing they’ve done that annoyed me,expect,"shipped, UNREVIEWED","It’ll be polite and cold, and I’ll be the one who has to fix it.",,,,
W-RIGHT-K1,worry: right,tell {person} they’re right and leave it there,skeleton,"shipped, UNREVIEWED",tell {person} they’re right and leave it there,"OURS: B46. THE PRINTED VERB, new today — this worry had two empty blanks before. The gap {person} reads “somebody” while it is empty. Three slightly different actions became ONE, which is what a skeleton is — that collapse is the part to judge fresh.",,,
W-RIGHT-P1,worry: right,tell {person} they’re right and leave it there,prediction,"shipped, UNREVIEWED","If I tell {person} they’re right and leave it there, then I’ll look like I don’t know what I’m talking about.","OURS: the CONSEQUENCE half is the shipped wording, kept word for word wherever it still read; only the action half and the pronouns changed.",,,
W-RIGHT-E1,worry: right,tell {person} they’re right and leave it there,expect,"shipped, UNREVIEWED","They’ll take it as a win, and I’ll go down in their estimation.",,,,
W-RIGHT-P2,worry: right,tell {person} they’re right and leave it there,prediction,"shipped, UNREVIEWED","If I tell {person} they’re right and leave it there, then {person} will talk over me from then on.",,,,
W-RIGHT-E2,worry: right,tell {person} they’re right and leave it there,expect,"shipped, UNREVIEWED",Next time they won’t even wait for my answer.,,,,
W-RIGHT-P3,worry: right,tell {person} they’re right and leave it there,prediction,"shipped, UNREVIEWED","If I tell {person} they’re right and leave it there, then nobody will ask what I think again.",,,,
W-RIGHT-E3,worry: right,tell {person} they’re right and leave it there,expect,"shipped, UNREVIEWED","The conversation will move on, and I’ll stay out of it.",,,,
W-HEAR-K1,worry: hear,let {person} finish before I say my bit,skeleton,"shipped, UNREVIEWED",let {person} finish before I say my bit,"OURS: B46. THE PRINTED VERB, new today — this worry had two empty blanks before. The gap {person} reads “somebody” while it is empty. Three slightly different actions became ONE, which is what a skeleton is — that collapse is the part to judge fresh.",,,
W-HEAR-P1,worry: hear,let {person} finish before I say my bit,prediction,"shipped, UNREVIEWED","If I let {person} finish before I say my bit, then I’ll look like I’ve got nothing worth saying.","OURS: the CONSEQUENCE half is the shipped wording, kept word for word wherever it still read; only the action half and the pronouns changed.",,,
W-HEAR-E1,worry: hear,let {person} finish before I say my bit,expect,"shipped, UNREVIEWED",The conversation will move on without me and I’ll have missed my go.,,,,
W-HEAR-P2,worry: hear,let {person} finish before I say my bit,prediction,"shipped, UNREVIEWED","If I let {person} finish before I say my bit, then I’ll forget what I was going to say.",,,,
W-HEAR-E2,worry: hear,let {person} finish before I say my bit,expect,"shipped, UNREVIEWED",It’ll go out of my head and I’ll sit there with nothing.,,,,
W-HEAR-P3,worry: hear,let {person} finish before I say my bit,prediction,"shipped, UNREVIEWED","If I let {person} finish before I say my bit, then {person} will take the whole conversation.",,,,
W-HEAR-E3,worry: hear,let {person} finish before I say my bit,expect,"shipped, UNREVIEWED",I’ll come out of it having said nothing at all.,,,,
W-JOKE-K1,worry: joke,say the plain thing to {person} where I’d normally reach for the joke,skeleton,"shipped, UNREVIEWED",say the plain thing to {person} where I’d normally reach for the joke,"OURS: B46. THE PRINTED VERB, new today — this worry had two empty blanks before. The gap {person} reads “somebody” while it is empty. Three slightly different actions became ONE, which is what a skeleton is — that collapse is the part to judge fresh.",,,
W-JOKE-P1,worry: joke,say the plain thing to {person} where I’d normally reach for the joke,prediction,"shipped, UNREVIEWED","If I say the plain thing to {person} where I’d normally reach for the joke, then I’ll be dull and {person} will drift off.","OURS: the CONSEQUENCE half is the shipped wording, kept word for word wherever it still read; only the action half and the pronouns changed.",,,
W-JOKE-E1,worry: joke,say the plain thing to {person} where I’d normally reach for the joke,expect,"shipped, UNREVIEWED","The conversation will go flat, and they’ll find someone else to talk to.",,,,
W-JOKE-P2,worry: joke,say the plain thing to {person} where I’d normally reach for the joke,prediction,"shipped, UNREVIEWED","If I say the plain thing to {person} where I’d normally reach for the joke, then it’ll get too serious and {person} will be uncomfortable.",,,,
W-JOKE-E2,worry: joke,say the plain thing to {person} where I’d normally reach for the joke,expect,"shipped, UNREVIEWED","There’ll be a silence, and I’ll be the one who made it.",,,,
W-JOKE-P3,worry: joke,say the plain thing to {person} where I’d normally reach for the joke,prediction,"shipped, UNREVIEWED","If I say the plain thing to {person} where I’d normally reach for the joke, then nobody will bother keeping it going.",,,,
W-JOKE-E3,worry: joke,say the plain thing to {person} where I’d normally reach for the joke,expect,"shipped, UNREVIEWED","It’ll be hard work, and they’ll leave earlier than they would have.",,,,
W-SORRY-K1,worry: sorry,say sorry to {person} for one specific thing I did,skeleton,"shipped, UNREVIEWED",say sorry to {person} for one specific thing I did,"OURS: B46. THE PRINTED VERB, new today — this worry had two empty blanks before. The gap {person} reads “somebody” while it is empty. Three slightly different actions became ONE, which is what a skeleton is — that collapse is the part to judge fresh.",,,
W-SORRY-P1,worry: sorry,say sorry to {person} for one specific thing I did,prediction,"shipped, UNREVIEWED","If I say sorry to {person} for one specific thing I did, then {person} will hold it over me from now on.","OURS: the CONSEQUENCE half is the shipped wording, kept word for word wherever it still read; only the action half and the pronouns changed.",,,
W-SORRY-E1,worry: sorry,say sorry to {person} for one specific thing I did,expect,"shipped, UNREVIEWED","They’ll accept it, and then bring it up the next time we disagree.",,,,
W-SORRY-P2,worry: sorry,say sorry to {person} for one specific thing I did,prediction,"shipped, UNREVIEWED","If I say sorry to {person} for one specific thing I did, then {person} will think it was worse than it was.",,,,
W-SORRY-E2,worry: sorry,say sorry to {person} for one specific thing I did,expect,"shipped, UNREVIEWED","They’ll decide something’s wrong with me, on the strength of one bad day.",,,,
W-SORRY-P3,worry: sorry,say sorry to {person} for one specific thing I did,prediction,"shipped, UNREVIEWED","If I say sorry to {person} for one specific thing I did, then I’ve taken the whole thing on myself.",,,,
W-SORRY-E3,worry: sorry,say sorry to {person} for one specific thing I did,expect,"shipped, UNREVIEWED",Their part in it never gets mentioned again.,,,,
W-DRINK-K1,worry: drink,turn up to {thing} and don’t join in,skeleton,"shipped, UNREVIEWED",turn up to {thing} and don’t join in,"OURS: B46. THE PRINTED VERB, new today — this worry had two empty blanks before. The gap {thing} reads “something” while it is empty. Three slightly different actions became ONE, which is what a skeleton is — that collapse is the part to judge fresh.",,,
W-DRINK-P1,worry: drink,turn up to {thing} and don’t join in,prediction,"shipped, UNREVIEWED","If I turn up to {thing} and don’t join in, then everyone will notice and ask me why.","OURS: the CONSEQUENCE half is the shipped wording, kept word for word wherever it still read; only the action half and the pronouns changed.",,,
W-DRINK-E1,worry: drink,turn up to {thing} and don’t join in,expect,"shipped, UNREVIEWED","Someone will say something, and then the whole table will be looking at me.",,,,
W-DRINK-P2,worry: drink,turn up to {thing} and don’t join in,prediction,"shipped, UNREVIEWED","If I turn up to {thing} and don’t join in, then I’ll spoil it for everybody else.",,,,
W-DRINK-E2,worry: drink,turn up to {thing} and don’t join in,expect,"shipped, UNREVIEWED","It’ll go a bit flat, and they’ll wish I hadn’t come.",,,,
W-DRINK-P3,worry: drink,turn up to {thing} and don’t join in,prediction,"shipped, UNREVIEWED","If I turn up to {thing} and don’t join in, then I won’t enjoy any of it.",,,,
W-DRINK-E3,worry: drink,turn up to {thing} and don’t join in,expect,"shipped, UNREVIEWED",I’ll be counting the minutes and wishing I’d stayed at home.,,,,
W-EARLY-K1,worry: early,leave at the time I decided and say plainly that I’m going,skeleton,"shipped, UNREVIEWED",leave at the time I decided and say plainly that I’m going,"OURS: B46. THE PRINTED VERB, new today — this worry had two empty blanks before. NO HOLE: this action has no noun anybody could supply. Printed words and one blank for the second half, and the screen is identical to every other.",,,
W-EARLY-P1,worry: early,leave at the time I decided and say plainly that I’m going,prediction,"shipped, UNREVIEWED","If I leave at the time I decided and say plainly that I’m going, then people will think I’m boring and stop asking me.","OURS: the CONSEQUENCE half is the shipped wording, kept word for word wherever it still read; only the action half and the pronouns changed.",,,
W-EARLY-E1,worry: early,leave at the time I decided and say plainly that I’m going,expect,"shipped, UNREVIEWED","Someone will try to talk me into staying, and I’ll feel like I’ve let them down.",,,,
W-EARLY-P2,worry: early,leave at the time I decided and say plainly that I’m going,prediction,"shipped, UNREVIEWED","If I leave at the time I decided and say plainly that I’m going, then they’ll talk about me once I’ve gone.",,,,
W-EARLY-E2,worry: early,leave at the time I decided and say plainly that I’m going,expect,"shipped, UNREVIEWED","There’ll be a comment about it, and I’ll hear it repeated later.",,,,
W-EARLY-P3,worry: early,leave at the time I decided and say plainly that I’m going,prediction,"shipped, UNREVIEWED","If I leave at the time I decided and say plainly that I’m going, then I’ll have missed the part everyone remembers.",,,,
W-EARLY-E3,worry: early,leave at the time I decided and say plainly that I’m going,expect,"shipped, UNREVIEWED",They’ll be laughing about something next week and I won’t have been there.,,,,
